CustomerID,Age,Gender,Tenure,Usage Frequency,Support Calls,Payment Delay,Subscription Type,Contract Length,Total Spend,Last Interaction,Churn
1,22,Female,25,14,4,27,Basic,Monthly,598,9,1
2,41,Female,28,28,7,13,Standard,Monthly,584,20,0
3,47,Male,27,10,2,29,Premium,Annual,757,21,0
4,35,Male,9,12,5,17,Premium,Quarterly,232,18,0
5,53,Female,58,24,9,2,Standard,Annual,533,18,0
6,30,Male,41,14,10,10,Premium,Monthly,500,29,0
7,47,Female,37,15,9,28,Basic,Quarterly,574,14,1
8,54,Female,36,11,0,18,Standard,Monthly,323,16,0
9,36,Male,20,5,10,8,Basic,Monthly,687,8,0
10,65,Male,8,4,2,23,Basic,Annual,995,10,0
11,46,Female,42,27,9,21,Standard,Annual,526,3,1
12,56,Male,13,23,5,14,Basic,Quarterly,187,1,0
13,31,Male,2,7,0,25,Premium,Quarterly,758,24,0
14,42,Male,46,27,5,8,Premium,Quarterly,438,30,0
15,59,Male,21,17,2,14,Premium,Quarterly,663,15,0
16,35,Female,1,3,7,3,Basic,Monthly,677,25,1
17,29,Male,54,3,6,2,Basic,Monthly,636,22,0
18,45,Male,9,30,4,25,Basic,Annual,127,18,0
19,65,Female,40,2,1,6,Premium,Annual,396,21,0
20,62,Male,39,19,2,15,Premium,Quarterly,202,24,0
21,48,Male,28,7,1,21,Premium,Monthly,925,13,0
22,36,Female,58,4,0,1,Premium,Quarterly,463,26,0
23,55,Male,50,28,0,17,Standard,Quarterly,449,3,0
24,36,Female,54,20,4,1,Basic,Monthly,373,25,0
25,64,Male,59,7,5,9,Basic,Annual,460,12,0
26,65,Female,58,7,3,30,Premium,Annual,166,1,1
27,53,Female,58,18,8,4,Basic,Quarterly,615,4,0
28,41,Female,60,7,7,0,Premium,Annual,696,20,0
29,25,Female,41,11,5,11,Premium,Annual,678,30,0
30,44,Female,44,7,8,16,Basic,Quarterly,792,27,1
31,28,Female,23,8,8,0,Basic,Annual,812,3,0
32,34,Male,26,3,0,2,Basic,Annual,156,15,0
33,24,Male,1,7,0,3,Standard,Annual,611,4,0
34,27,Female,41,8,1,7,Premium,Monthly,943,12,0
35,31,Female,31,6,2,29,Standard,Quarterly,329,6,1
36,46,Male,30,10,4,16,Standard,Monthly,493,1,0
37,59,Male,44,17,3,2,Basic,Quarterly,636,30,0
38,56,Female,27,15,8,24,Standard,Monthly,384,6,1
39,27,Female,44,21,3,22,Premium,Annual,515,1,0
40,42,Male,51,10,9,11,Basic,Monthly,820,17,0
41,29,Female,28,23,7,16,Basic,Quarterly,1000,26,1
42,36,Male,45,24,5,2,Premium,Quarterly,405,4,0
43,61,Male,19,2,7,2,Premium,Monthly,879,4,1
44,57,Male,2,26,5,14,Premium,Monthly,771,4,0
45,56,Male,9,16,1,22,Premium,Monthly,600,17,0
46,42,Female,14,14,8,12,Basic,Monthly,825,19,0
47,36,Female,24,21,8,29,Basic,Monthly,231,8,1
48,37,Male,13,26,2,26,Basic,Quarterly,259,15,0
49,51,Female,15,26,10,25,Basic,Quarterly,244,1,1
50,57,Female,46,30,2,21,Standard,Annual,705,5,0
51,47,Female,47,4,7,3,Standard,Monthly,136,14,0
52,29,Male,3,5,0,23,Standard,Monthly,843,6,0
53,45,Female,17,4,5,23,Standard,Annual,402,8,1
54,18,Female,22,21,3,30,Premium,Annual,919,3,0
55,27,Male,57,4,10,20,Premium,Annual,699,4,1
56,23,Male,34,20,3,26,Basic,Annual,733,1,0
57,60,Male,24,11,9,10,Standard,Monthly,563,10,0
58,57,Male,24,28,3,24,Premium,Annual,448,12,0
59,28,Female,29,3,2,21,Premium,Quarterly,172,2,1
60,64,Female,39,25,2,9,Standard,Quarterly,933,9,0
61,30,Male,57,21,8,24,Standard,Annual,576,6,1
62,18,Female,57,16,10,2,Basic,Quarterly,657,26,0
63,24,Male,13,25,9,27,Premium,Quarterly,843,29,0
64,40,Male,54,7,0,15,Standard,Annual,731,27,0
65,26,Female,33,27,1,23,Basic,Quarterly,665,5,0
66,41,Male,35,4,6,16,Standard,Annual,546,26,1
67,64,Female,19,27,2,0,Basic,Monthly,579,14,0
68,42,Male,34,2,7,17,Premium,Annual,757,25,1
69,24,Male,28,13,0,27,Premium,Quarterly,515,27,0
70,52,Female,56,8,9,21,Premium,Annual,599,20,1
71,48,Male,57,29,1,19,Standard,Monthly,554,12,0
72,28,Female,34,20,1,1,Basic,Annual,986,19,0
73,52,Female,5,12,5,23,Basic,Annual,844,12,0
74,52,Female,37,26,5,29,Standard,Annual,668,3,1
75,56,Female,55,15,10,3,Standard,Annual,867,26,0
76,64,Male,48,9,7,26,Premium,Annual,471,11,1
77,41,Male,59,30,5,26,Basic,Annual,628,11,1
78,48,Female,47,12,0,29,Basic,Monthly,761,8,1
79,22,Male,39,10,3,29,Standard,Monthly,599,13,0
80,42,Female,19,25,5,13,Premium,Monthly,372,8,0
81,55,Female,54,26,0,9,Premium,Annual,213,13,0
82,43,Female,6,16,6,21,Basic,Monthly,996,17,1
83,34,Male,26,22,8,9,Premium,Monthly,403,3,0
84,27,Male,42,22,3,27,Basic,Monthly,468,25,0
85,19,Female,59,24,3,26,Basic,Quarterly,368,8,1
86,58,Male,59,10,5,8,Basic,Monthly,599,25,0
87,22,Female,39,9,2,13,Basic,Quarterly,759,1,0
88,22,Male,25,10,10,17,Premium,Monthly,966,7,1
89,61,Female,28,9,6,5,Standard,Monthly,784,7,0
90,28,Male,17,19,10,12,Premium,Quarterly,332,24,0
91,33,Male,36,18,0,24,Premium,Annual,364,1,0
92,37,Female,57,21,6,6,Premium,Quarterly,209,29,0
93,65,Female,6,21,1,2,Premium,Quarterly,428,29,0
94,22,Male,51,27,9,23,Standard,Annual,347,11,1
95,42,Male,37,14,0,24,Premium,Annual,418,13,0
96,36,Female,42,18,8,6,Premium,Quarterly,322,10,0
97,20,Male,32,7,5,14,Basic,Annual,920,28,0
98,58,Male,21,28,10,2,Basic,Annual,894,28,0
99,65,Male,21,3,5,20,Standard,Quarterly,570,1,1
100,40,Male,6,26,10,0,Basic,Annual,632,5,0
101,52,Female,45,20,6,28,Standard,Monthly,442,10,1
102,35,Male,47,23,4,8,Standard,Annual,969,7,0
103,62,Female,16,13,9,15,Standard,Quarterly,719,19,0
104,41,Male,20,27,4,13,Basic,Monthly,941,18,0
105,36,Male,10,22,9,0,Standard,Quarterly,218,7,0
106,39,Male,59,29,5,7,Basic,Annual,225,27,0
107,62,Male,10,9,1,18,Standard,Quarterly,345,27,0
108,55,Male,22,15,1,19,Standard,Quarterly,769,30,0
109,44,Female,54,20,1,9,Basic,Quarterly,717,9,0
110,39,Female,7,30,3,5,Basic,Monthly,199,13,0
111,30,Male,57,20,8,26,Premium,Monthly,821,8,1
112,41,Male,8,11,9,24,Premium,Monthly,900,14,0
113,56,Male,56,3,3,12,Standard,Monthly,175,11,0
114,24,Male,10,3,8,13,Basic,Annual,317,3,0
115,28,Female,43,30,7,5,Basic,Monthly,600,11,0
116,46,Female,43,10,0,10,Basic,Quarterly,779,23,0
117,18,Male,36,18,7,14,Standard,Monthly,635,19,0
118,34,Male,28,7,8,7,Premium,Monthly,524,1,0
119,39,Male,13,27,6,21,Basic,Quarterly,382,16,0
120,32,Female,3,12,8,8,Basic,Quarterly,990,21,0
121,35,Female,47,2,8,21,Basic,Monthly,532,7,1
122,40,Male,28,4,0,21,Basic,Annual,377,7,0
123,44,Male,13,26,3,3,Basic,Monthly,486,25,0
124,52,Female,50,10,2,26,Basic,Quarterly,640,3,0
125,40,Female,35,15,6,20,Basic,Annual,104,27,1
126,41,Male,58,27,1,3,Premium,Annual,392,3,0
127,30,Female,23,29,1,22,Standard,Annual,255,24,1
128,64,Female,36,17,4,15,Standard,Monthly,237,5,0
129,43,Female,52,13,10,14,Standard,Quarterly,555,11,0
130,31,Female,36,23,2,5,Premium,Annual,444,2,0
131,61,Male,6,15,2,30,Premium,Annual,630,18,0
132,56,Female,33,7,0,22,Premium,Monthly,664,27,1
133,57,Male,37,15,4,10,Basic,Monthly,186,9,0
134,41,Female,59,20,0,17,Standard,Quarterly,978,11,0
135,46,Male,47,14,10,16,Basic,Annual,996,16,1
136,65,Female,26,17,10,25,Basic,Annual,254,1,1
137,25,Male,27,15,2,15,Basic,Quarterly,123,19,0
138,43,Male,37,11,3,23,Standard,Annual,377,9,0
139,65,Male,13,4,3,12,Basic,Monthly,921,3,0
140,25,Female,58,7,5,9,Basic,Annual,920,22,0
141,45,Male,56,29,0,24,Standard,Annual,335,18,0
142,20,Male,59,10,5,5,Premium,Quarterly,803,15,0
143,38,Male,10,9,1,30,Premium,Annual,888,28,0
144,43,Female,16,20,10,26,Basic,Annual,712,2,0
145,24,Male,8,12,9,15,Basic,Annual,257,18,0
146,56,Female,2,20,6,17,Basic,Quarterly,355,12,0
147,61,Male,58,24,9,5,Premium,Monthly,201,20,0
148,38,Female,16,13,2,28,Premium,Annual,133,24,1
149,39,Male,24,6,5,28,Premium,Quarterly,910,22,1
150,29,Male,42,8,8,21,Premium,Quarterly,419,27,1
151,31,Male,20,12,1,7,Premium,Annual,115,7,0
152,25,Male,22,5,5,29,Basic,Monthly,121,20,0
153,62,Male,22,30,9,21,Basic,Annual,736,24,0
154,64,Male,13,16,10,18,Standard,Annual,934,11,0
155,57,Female,7,27,7,23,Standard,Annual,640,1,0
156,48,Male,41,25,10,1,Standard,Annual,119,13,0
157,21,Male,3,8,5,15,Premium,Quarterly,994,25,0
158,26,Female,16,10,0,14,Standard,Annual,411,19,0
159,63,Male,36,21,8,0,Premium,Annual,817,22,0
160,28,Male,14,5,3,4,Premium,Monthly,200,7,0
161,36,Male,51,1,0,7,Premium,Annual,837,16,0
162,31,Male,34,23,5,12,Standard,Quarterly,164,2,0
163,64,Female,46,2,1,12,Basic,Quarterly,413,12,0
164,49,Female,53,16,5,3,Standard,Annual,423,15,0
165,58,Female,54,18,1,29,Premium,Quarterly,235,29,1
166,51,Male,6,22,7,23,Premium,Quarterly,862,3,0
167,62,Female,10,11,5,1,Standard,Quarterly,775,6,0
168,41,Female,55,17,10,12,Premium,Monthly,259,22,0
169,22,Female,59,9,4,9,Basic,Monthly,581,4,0
170,56,Male,52,27,5,13,Standard,Annual,796,25,0
171,59,Female,20,8,10,3,Standard,Annual,317,20,0
172,51,Female,6,1,9,18,Standard,Quarterly,354,12,1
173,57,Male,5,13,7,3,Basic,Quarterly,821,16,0
174,56,Female,36,4,4,21,Premium,Quarterly,946,30,1
175,23,Male,42,23,6,24,Standard,Monthly,838,6,1
176,33,Female,52,26,0,10,Standard,Quarterly,136,4,0
177,29,Male,31,30,8,24,Premium,Quarterly,150,11,1
178,49,Male,40,11,4,17,Premium,Monthly,546,7,0
179,25,Female,28,8,4,23,Premium,Monthly,716,1,1
180,37,Male,1,7,4,22,Standard,Annual,699,15,0
181,45,Male,40,10,10,28,Premium,Annual,912,8,1
182,53,Male,13,11,9,14,Basic,Annual,350,9,0
183,33,Female,60,24,10,18,Premium,Monthly,423,24,1
184,20,Male,5,22,8,0,Premium,Monthly,973,25,0
185,62,Male,26,18,1,16,Standard,Annual,683,12,0
186,37,Male,55,8,8,4,Standard,Monthly,561,16,0
187,51,Male,38,21,4,5,Basic,Quarterly,203,26,0
188,21,Female,41,13,8,22,Premium,Monthly,538,18,1
189,64,Male,60,25,5,8,Premium,Annual,720,24,0
190,41,Male,50,15,6,1,Standard,Annual,588,10,0
191,44,Male,44,30,0,26,Standard,Monthly,656,6,0
192,20,Male,4,26,8,12,Standard,Annual,733,4,0
193,18,Male,28,12,3,20,Standard,Monthly,261,13,0
194,41,Female,58,24,9,16,Standard,Annual,447,20,1
195,50,Male,46,2,4,28,Premium,Annual,527,19,0
196,59,Male,41,29,3,1,Basic,Quarterly,833,5,0
197,39,Male,29,25,4,2,Standard,Quarterly,254,20,0
198,19,Male,17,11,6,24,Standard,Quarterly,715,15,0
199,29,Female,56,21,3,26,Basic,Quarterly,239,29,1
200,45,Female,20,1,4,15,Standard,Monthly,224,13,0
201,36,Male,24,29,1,26,Premium,Monthly,566,8,0
202,20,Female,9,27,5,16,Standard,Annual,295,21,0
203,30,Female,44,22,4,18,Standard,Quarterly,890,12,0
204,33,Male,5,25,1,26,Standard,Annual,821,27,0
205,27,Male,29,30,4,3,Basic,Annual,258,18,0
206,36,Female,26,7,2,3,Basic,Annual,371,8,0
207,33,Male,35,29,9,18,Basic,Monthly,335,8,1
208,18,Male,33,18,1,22,Basic,Annual,312,29,0
209,64,Male,13,20,0,22,Standard,Quarterly,749,14,0
210,48,Male,36,19,1,13,Premium,Annual,140,28,0
211,57,Female,15,4,5,30,Standard,Quarterly,960,21,1
212,28,Female,22,5,1,2,Premium,Quarterly,838,10,0
213,28,Male,56,7,2,25,Basic,Monthly,854,26,0
214,22,Female,45,29,8,7,Standard,Monthly,344,17,0
215,56,Male,11,10,10,10,Basic,Annual,841,26,0
216,23,Female,31,15,6,11,Basic,Quarterly,705,24,0
217,59,Male,44,7,8,9,Standard,Annual,890,26,0
218,46,Male,27,25,6,8,Basic,Monthly,150,28,0
219,56,Male,8,11,10,12,Premium,Quarterly,866,15,0
220,37,Female,25,19,8,26,Standard,Monthly,212,13,1
221,36,Male,46,5,2,11,Premium,Quarterly,524,6,0
222,59,Male,36,16,4,26,Standard,Annual,894,29,0
223,56,Female,15,19,3,2,Standard,Quarterly,650,3,0
224,51,Female,32,20,2,24,Standard,Quarterly,505,21,0
225,38,Female,29,18,4,16,Standard,Annual,909,24,0
226,20,Male,60,29,7,22,Standard,Quarterly,298,23,1
227,60,Female,16,24,6,21,Basic,Monthly,725,14,1
228,49,Male,59,9,2,18,Premium,Annual,733,18,0
229,20,Female,55,25,1,26,Premium,Quarterly,382,8,1
230,58,Female,29,20,0,20,Standard,Quarterly,126,9,0
231,27,Male,50,1,10,30,Standard,Annual,736,4,1
232,20,Female,29,5,4,17,Basic,Annual,584,26,0
233,63,Male,46,2,4,9,Basic,Quarterly,969,30,1
234,47,Female,33,5,4,23,Premium,Quarterly,393,14,1
235,63,Male,18,15,3,27,Premium,Annual,722,26,0
236,62,Male,51,9,2,0,Premium,Monthly,654,16,0
237,46,Female,35,29,8,5,Standard,Monthly,805,2,0
238,49,Female,33,23,3,21,Premium,Annual,230,23,1
239,46,Female,52,26,5,27,Basic,Monthly,403,14,1
240,64,Female,11,7,1,8,Basic,Annual,984,14,0
241,60,Male,13,17,7,19,Basic,Monthly,849,26,0
242,54,Male,44,24,1,16,Premium,Annual,664,3,0
243,47,Female,52,3,6,1,Premium,Quarterly,408,7,0
244,37,Male,55,28,4,26,Basic,Monthly,826,17,0
245,19,Female,1,13,6,9,Basic,Monthly,302,3,0
246,52,Female,33,14,8,2,Standard,Quarterly,846,11,0
247,62,Male,5,18,6,14,Standard,Annual,205,22,0
248,48,Male,54,15,7,18,Standard,Quarterly,131,11,1
249,60,Male,18,27,1,30,Standard,Annual,426,30,0
250,58,Male,15,2,1,13,Premium,Annual,309,23,0
251,43,Male,31,8,7,28,Premium,Monthly,313,10,1
252,26,Male,41,27,8,15,Premium,Monthly,889,6,0
253,41,Female,45,21,5,18,Basic,Quarterly,799,7,1
254,22,Male,47,15,10,24,Premium,Annual,237,17,1
255,45,Male,14,20,1,13,Basic,Quarterly,828,11,0
256,38,Male,59,30,1,28,Premium,Quarterly,481,28,0
257,28,Male,49,22,6,29,Standard,Quarterly,187,13,1
258,56,Male,22,21,5,13,Premium,Monthly,632,22,0
259,42,Female,17,14,6,22,Standard,Annual,207,10,1
260,20,Female,59,19,0,10,Premium,Quarterly,366,22,0
261,62,Male,52,1,4,22,Standard,Monthly,153,26,1
262,22,Female,37,6,8,17,Basic,Quarterly,212,12,1
263,30,Female,46,18,4,13,Standard,Quarterly,300,21,0
264,30,Female,55,27,6,11,Standard,Monthly,662,28,0
265,44,Male,21,18,4,27,Basic,Quarterly,388,12,0
266,58,Male,38,26,0,27,Premium,Annual,874,12,0
267,59,Male,41,18,6,18,Standard,Annual,971,12,1
268,65,Male,55,10,5,18,Premium,Quarterly,689,6,1
269,30,Female,42,15,8,8,Premium,Monthly,280,20,0
270,28,Female,35,19,2,2,Premium,Monthly,506,22,0
271,58,Male,39,16,0,8,Basic,Monthly,690,17,0
272,63,Female,56,28,1,17,Basic,Quarterly,821,7,0
273,62,Female,35,8,7,8,Basic,Annual,514,17,0
274,32,Female,47,20,0,8,Premium,Monthly,885,9,0
275,20,Male,19,10,5,11,Basic,Quarterly,644,8,0
276,28,Female,28,9,5,9,Premium,Monthly,628,18,0
277,19,Male,54,27,6,30,Standard,Quarterly,131,20,1
278,24,Female,48,29,10,30,Premium,Monthly,278,26,1
279,43,Male,28,4,10,9,Premium,Annual,280,15,0
280,38,Female,13,13,6,27,Standard,Quarterly,466,14,1
281,52,Female,26,28,3,6,Standard,Quarterly,953,5,0
282,25,Male,4,14,5,16,Premium,Annual,465,17,0
283,37,Male,10,22,2,3,Premium,Annual,292,6,0
284,56,Male,35,15,4,18,Standard,Monthly,940,1,0
285,55,Female,28,11,0,21,Premium,Monthly,741,4,1
286,41,Female,14,18,10,15,Basic,Annual,380,7,0
287,61,Male,46,5,2,3,Premium,Annual,501,21,0
288,20,Female,50,8,2,30,Basic,Annual,407,29,1
289,40,Male,5,1,3,21,Standard,Annual,101,12,1
290,19,Male,40,22,0,24,Premium,Quarterly,212,20,0
291,44,Male,34,30,4,28,Standard,Quarterly,654,26,0
292,24,Female,8,7,8,29,Premium,Annual,226,4,1
293,28,Female,1,4,6,1,Premium,Annual,337,6,0
294,41,Male,35,8,3,28,Standard,Annual,163,8,0
295,20,Female,56,12,5,14,Basic,Quarterly,837,9,0
296,52,Male,33,27,0,19,Basic,Monthly,719,18,0
297,47,Male,14,28,4,26,Basic,Quarterly,987,2,0
298,47,Female,23,6,1,17,Basic,Annual,300,27,0
299,18,Female,50,10,6,27,Standard,Monthly,487,18,1
300,37,Male,42,26,5,24,Premium,Quarterly,862,9,1
301,36,Male,38,14,4,7,Basic,Annual,863,7,0
302,48,Female,35,26,3,5,Premium,Quarterly,415,20,0
303,35,Female,21,19,9,11,Basic,Monthly,607,21,0
304,52,Female,9,2,5,3,Premium,Monthly,592,24,1
305,58,Female,42,24,8,3,Standard,Annual,256,17,0
306,62,Male,35,18,4,24,Premium,Quarterly,603,9,0
307,19,Female,26,18,10,18,Standard,Monthly,721,25,1
308,41,Female,49,27,0,5,Standard,Monthly,329,8,0
309,46,Male,12,26,9,3,Basic,Monthly,173,29,0
310,29,Male,24,30,1,7,Standard,Annual,101,30,0
311,24,Male,56,23,3,30,Standard,Quarterly,123,14,0
312,31,Female,16,8,0,1,Basic,Annual,438,23,0
313,49,Male,41,5,10,4,Basic,Annual,532,27,0
314,29,Female,37,16,0,7,Standard,Monthly,845,2,0
315,24,Female,42,17,7,8,Basic,Annual,210,29,0
316,19,Female,29,28,1,21,Basic,Annual,802,17,0
317,55,Male,20,18,5,4,Premium,Quarterly,305,26,0
318,62,Male,3,6,5,0,Standard,Quarterly,808,26,0
319,45,Female,47,19,10,23,Basic,Monthly,464,24,1
320,31,Male,52,7,10,19,Premium,Quarterly,197,3,1
321,59,Female,7,30,4,5,Premium,Quarterly,646,9,0
322,64,Male,51,1,0,22,Basic,Monthly,800,9,0
323,51,Female,57,21,3,11,Premium,Monthly,471,11,0
324,36,Male,15,10,8,0,Standard,Annual,672,2,0
325,23,Female,39,11,2,24,Standard,Monthly,666,25,1
326,61,Male,42,3,2,24,Standard,Monthly,525,25,0
327,25,Female,32,1,0,5,Standard,Annual,404,27,0
328,45,Female,59,11,7,20,Standard,Annual,175,29,1
329,58,Female,60,5,8,17,Premium,Annual,951,13,1
330,59,Male,7,30,10,21,Standard,Annual,285,4,0
331,52,Male,37,17,5,10,Premium,Monthly,476,1,0
332,34,Female,57,9,8,10,Standard,Monthly,603,25,0
333,41,Male,2,22,7,23,Standard,Monthly,681,23,0
334,27,Female,21,24,4,30,Standard,Annual,823,28,0
335,26,Male,54,26,8,27,Basic,Annual,525,30,1
336,63,Female,8,22,5,12,Basic,Annual,582,27,0
337,53,Male,46,5,5,4,Premium,Monthly,977,2,1
338,42,Female,38,18,2,18,Basic,Monthly,808,6,0
339,55,Male,56,30,8,10,Standard,Quarterly,550,17,0
340,23,Female,48,11,8,26,Basic,Monthly,169,15,1
341,36,Female,51,21,6,16,Premium,Monthly,278,27,1
342,44,Female,57,10,8,7,Standard,Monthly,163,17,0
343,45,Male,16,14,3,9,Basic,Monthly,474,14,0
344,29,Male,17,5,7,22,Basic,Annual,446,7,0
345,47,Female,37,20,8,16,Premium,Monthly,641,2,1
346,53,Female,44,21,10,27,Standard,Annual,650,3,1
347,24,Female,3,8,4,8,Premium,Quarterly,647,21,0
348,61,Female,4,29,6,6,Premium,Annual,428,8,0
349,22,Male,59,23,1,6,Premium,Monthly,707,12,0
350,46,Female,42,18,6,5,Premium,Monthly,719,6,0
351,55,Female,29,3,8,4,Basic,Quarterly,918,9,1
352,28,Male,16,15,2,28,Standard,Quarterly,704,23,0
353,28,Male,17,4,5,25,Basic,Annual,519,8,0
354,28,Female,34,28,9,8,Standard,Quarterly,672,27,0
355,30,Male,40,30,7,14,Basic,Monthly,296,25,0
356,35,Female,56,29,6,0,Basic,Quarterly,718,6,0
357,28,Male,2,8,7,16,Basic,Annual,141,8,0
358,27,Female,19,7,2,1,Premium,Monthly,928,12,0
359,60,Female,46,6,1,25,Standard,Monthly,621,2,1
360,22,Male,60,11,2,12,Premium,Monthly,736,1,0
361,51,Female,6,20,7,22,Premium,Monthly,999,3,1
362,49,Female,9,24,6,18,Basic,Quarterly,977,5,0
363,30,Male,41,17,2,14,Basic,Monthly,706,12,0
364,43,Male,33,26,6,0,Premium,Quarterly,593,26,0
365,57,Female,41,7,3,25,Premium,Quarterly,130,18,1
366,56,Female,30,24,7,10,Standard,Monthly,862,7,0
367,62,Female,47,8,10,7,Basic,Annual,107,9,0
368,29,Male,1,1,2,1,Premium,Quarterly,431,8,0
369,50,Female,41,11,7,10,Standard,Monthly,503,24,0
370,54,Female,30,6,1,24,Standard,Monthly,721,16,1
371,55,Female,39,30,6,1,Basic,Annual,795,2,0
372,30,Female,37,28,5,17,Premium,Annual,124,19,1
373,53,Female,45,25,1,11,Standard,Monthly,420,18,0
374,62,Male,14,5,0,8,Standard,Quarterly,197,5,0
375,57,Female,35,15,1,17,Premium,Quarterly,632,19,0
376,25,Female,46,30,7,22,Premium,Quarterly,982,18,1
377,34,Male,17,23,9,28,Standard,Quarterly,421,16,0
378,59,Female,1,11,5,23,Basic,Quarterly,687,9,0
379,35,Male,2,25,3,23,Basic,Monthly,899,29,0
380,24,Male,13,8,5,1,Premium,Quarterly,686,15,0
381,21,Female,45,5,2,10,Basic,Annual,288,11,0
382,50,Female,40,7,2,23,Basic,Annual,928,27,0
383,53,Male,10,17,4,25,Premium,Annual,321,12,0
384,27,Male,39,18,1,11,Basic,Annual,651,27,0
385,23,Male,20,14,3,22,Premium,Annual,924,20,0
386,41,Female,41,15,10,27,Premium,Quarterly,814,19,1
387,54,Male,41,21,2,17,Standard,Monthly,420,21,0
388,57,Female,55,12,4,26,Basic,Monthly,265,8,1
389,46,Male,37,21,9,6,Basic,Monthly,425,21,0
390,52,Female,33,27,0,1,Standard,Monthly,808,10,0
391,24,Male,32,28,5,9,Premium,Monthly,218,2,0
392,45,Male,3,6,1,17,Standard,Annual,418,10,0
393,47,Female,12,18,1,13,Premium,Annual,872,24,0
394,24,Female,14,11,9,6,Basic,Quarterly,693,27,0
395,65,Male,45,2,3,16,Standard,Annual,738,1,0
396,32,Male,52,5,10,7,Premium,Annual,839,10,0
397,39,Female,36,30,7,5,Standard,Quarterly,149,4,0
398,36,Female,28,24,2,24,Premium,Quarterly,136,1,1
399,57,Male,57,7,5,26,Premium,Annual,699,26,1
400,26,Male,19,17,7,23,Premium,Quarterly,870,2,0
401,54,Male,38,24,3,13,Basic,Annual,619,5,0
402,54,Female,46,6,2,15,Basic,Monthly,959,4,0
403,60,Female,12,5,1,17,Basic,Annual,826,7,0
404,45,Female,16,3,0,8,Basic,Monthly,763,24,0
405,21,Male,1,30,4,4,Premium,Annual,642,21,0
406,65,Male,27,17,3,23,Premium,Annual,328,23,0
407,21,Female,41,24,5,10,Basic,Annual,524,13,0
408,63,Female,60,30,0,7,Premium,Annual,494,19,0
409,40,Female,49,5,6,21,Standard,Monthly,292,14,1
410,31,Female,9,11,4,19,Premium,Annual,999,2,0
411,44,Male,45,26,3,1,Standard,Annual,927,9,0
412,33,Female,51,1,5,9,Standard,Quarterly,415,3,0
413,52,Female,56,10,4,5,Standard,Quarterly,444,9,0
414,25,Female,25,30,6,3,Premium,Annual,425,29,0
415,33,Female,16,4,5,21,Premium,Annual,233,21,1
416,18,Male,21,10,7,20,Basic,Monthly,968,18,0
417,63,Female,11,8,1,20,Standard,Annual,534,27,0
418,34,Male,58,29,0,13,Premium,Quarterly,238,29,0
419,31,Male,34,1,9,24,Premium,Annual,190,16,1
420,28,Female,43,23,0,9,Standard,Annual,421,13,0
421,44,Male,29,27,6,2,Standard,Monthly,653,8,0
422,30,Female,30,4,3,8,Basic,Quarterly,536,27,0
423,43,Male,31,3,2,20,Basic,Annual,406,13,0
424,36,Male,24,22,5,25,Standard,Annual,665,20,1
425,18,Male,8,3,7,20,Premium,Quarterly,412,26,0
426,46,Female,43,3,6,19,Basic,Monthly,165,23,1
427,54,Male,18,4,1,22,Basic,Monthly,272,29,0
428,42,Female,52,5,6,30,Standard,Quarterly,271,29,1
429,39,Female,12,28,0,1,Standard,Monthly,233,27,0
430,36,Female,36,24,2,13,Standard,Quarterly,535,1,0
431,19,Female,58,15,9,17,Basic,Monthly,317,2,1
432,50,Male,36,28,7,0,Premium,Annual,775,11,0
433,58,Female,9,19,4,26,Basic,Annual,805,21,0
434,43,Female,29,24,6,4,Premium,Quarterly,675,21,0
435,29,Female,33,2,7,13,Premium,Quarterly,190,9,0
436,20,Male,58,2,5,2,Basic,Quarterly,524,4,0
437,57,Female,34,1,5,20,Premium,Monthly,790,10,1
438,25,Male,47,28,0,22,Premium,Monthly,548,1,0
439,63,Male,23,13,3,19,Premium,Monthly,966,19,0
440,42,Male,25,6,4,6,Basic,Monthly,590,2,0
441,47,Male,1,21,10,21,Basic,Quarterly,271,21,0
442,50,Male,7,15,10,6,Basic,Quarterly,921,14,0
443,23,Male,7,27,8,18,Standard,Annual,776,16,0
444,37,Male,9,10,7,28,Basic,Annual,383,5,0
445,18,Female,1,21,8,17,Standard,Annual,360,28,0
446,64,Male,45,26,2,20,Premium,Quarterly,676,11,0
447,20,Female,6,21,8,26,Premium,Annual,948,3,0
448,22,Male,33,5,1,0,Premium,Quarterly,982,13,0
449,59,Female,44,6,10,26,Standard,Monthly,291,15,1
450,27,Female,21,4,10,21,Standard,Annual,900,4,0
451,24,Female,27,15,2,6,Standard,Quarterly,907,9,0
452,29,Male,49,25,10,24,Premium,Monthly,865,23,1
453,53,Male,30,24,4,24,Premium,Quarterly,346,29,0
454,38,Male,31,9,3,5,Standard,Monthly,158,10,0
455,44,Female,1,25,6,2,Premium,Monthly,474,2,0
456,51,Female,2,24,4,28,Standard,Quarterly,846,28,0
457,30,Male,53,7,9,20,Standard,Annual,307,8,1
458,22,Male,52,9,5,8,Premium,Annual,788,19,0
459,33,Female,55,15,8,30,Basic,Annual,611,16,1
460,24,Female,1,16,10,11,Basic,Monthly,583,20,0
461,46,Male,30,29,5,10,Premium,Annual,447,30,0
462,55,Male,1,9,9,17,Premium,Annual,337,30,0
463,30,Male,58,5,7,22,Premium,Quarterly,848,6,1
464,30,Male,35,25,1,26,Basic,Monthly,228,15,0
465,45,Male,13,29,3,18,Premium,Quarterly,642,18,0
466,22,Female,49,23,0,19,Standard,Annual,168,14,0
467,58,Female,38,6,9,29,Standard,Annual,284,29,1
468,22,Male,56,3,2,29,Basic,Quarterly,792,12,0
469,59,Male,3,7,6,22,Standard,Quarterly,466,6,0
470,56,Female,21,6,2,12,Basic,Quarterly,823,8,0
471,36,Male,30,19,9,11,Basic,Annual,121,3,0
472,35,Male,30,30,7,1,Standard,Quarterly,350,8,0
473,61,Male,49,8,4,10,Basic,Annual,880,14,0
474,48,Female,19,27,6,12,Premium,Monthly,992,12,0
475,23,Male,32,1,6,27,Standard,Quarterly,336,25,1
476,47,Male,40,8,9,8,Standard,Monthly,562,17,0
477,61,Male,53,30,0,0,Basic,Annual,521,1,0
478,61,Female,60,24,1,25,Standard,Quarterly,681,27,0
479,26,Female,59,8,4,26,Basic,Monthly,409,20,1
480,25,Female,15,30,1,4,Premium,Monthly,690,20,0
481,22,Female,49,7,8,8,Standard,Annual,751,5,0
482,30,Female,24,8,6,0,Basic,Monthly,191,17,0
483,51,Female,11,8,7,3,Basic,Monthly,649,20,0
484,42,Female,20,6,2,16,Standard,Monthly,445,29,0
485,25,Male,25,30,0,23,Premium,Annual,641,4,0
486,25,Female,24,17,6,22,Standard,Annual,489,12,1
487,22,Female,36,30,4,7,Basic,Annual,362,2,0
488,46,Male,11,19,2,7,Standard,Quarterly,612,8,0
489,24,Male,19,18,4,30,Basic,Annual,814,20,0
490,43,Female,48,6,3,15,Premium,Quarterly,183,17,0
491,46,Male,52,22,3,16,Premium,Monthly,494,17,0
492,39,Female,44,30,2,30,Standard,Annual,844,23,0
493,35,Male,22,4,2,25,Basic,Quarterly,735,15,0
494,61,Male,16,25,8,19,Standard,Quarterly,804,19,0
495,51,Male,38,26,1,18,Premium,Monthly,318,5,0
496,28,Male,60,16,9,7,Basic,Monthly,494,5,0
497,26,Female,44,15,1,24,Standard,Quarterly,109,5,1
498,64,Male,37,3,1,14,Standard,Annual,457,15,0
499,30,Female,24,15,0,2,Premium,Quarterly,755,15,0
500,36,Female,34,24,8,30,Standard,Quarterly,948,30,1
501,32,Male,43,8,2,14,Standard,Annual,323,7,0
502,45,Male,7,30,7,25,Basic,Annual,978,29,0
503,18,Female,21,2,7,3,Premium,Annual,312,8,0
504,34,Female,27,20,0,17,Basic,Annual,399,4,0
505,23,Male,24,6,1,28,Basic,Monthly,388,15,0
506,61,Female,8,18,0,5,Standard,Quarterly,447,19,0
507,47,Female,39,15,6,9,Premium,Monthly,912,12,0
508,31,Female,33,30,8,14,Standard,Quarterly,543,27,0
509,25,Male,7,11,8,29,Standard,Monthly,441,10,0
510,24,Female,25,23,9,11,Premium,Annual,314,21,0
511,59,Male,26,28,0,27,Standard,Monthly,523,29,0
512,50,Female,32,9,1,29,Basic,Quarterly,752,14,0
513,59,Female,45,14,7,16,Premium,Monthly,440,7,1
514,55,Male,52,11,0,11,Standard,Annual,478,11,0
515,56,Female,23,18,2,14,Basic,Annual,625,6,0
516,61,Female,24,15,3,13,Premium,Monthly,770,11,0
517,39,Female,48,1,8,16,Premium,Quarterly,317,12,1
518,64,Female,15,13,6,6,Basic,Quarterly,493,25,0
519,35,Female,52,2,4,20,Premium,Quarterly,851,9,0
520,27,Male,54,11,3,27,Basic,Annual,389,27,0
521,46,Female,29,2,8,21,Basic,Annual,344,17,1
522,54,Male,9,1,4,2,Standard,Annual,590,26,1
523,37,Male,15,11,6,14,Premium,Monthly,152,14,0
524,27,Female,56,8,0,23,Basic,Monthly,833,11,1
525,37,Female,13,13,8,12,Standard,Quarterly,439,18,0
526,27,Male,15,24,5,10,Standard,Annual,831,13,0
527,47,Male,53,8,0,21,Standard,Quarterly,745,9,0
528,63,Female,10,24,1,4,Standard,Monthly,919,15,0
529,63,Female,20,15,9,13,Premium,Monthly,704,3,0
530,30,Male,11,1,5,6,Standard,Annual,373,23,1
531,53,Male,52,10,0,0,Basic,Annual,974,8,0
532,30,Female,59,3,7,0,Premium,Quarterly,956,27,0
533,25,Female,32,15,5,10,Premium,Annual,849,27,0
534,18,Male,13,4,6,30,Premium,Annual,857,22,0
535,36,Male,57,21,0,27,Standard,Quarterly,648,19,0
536,62,Female,17,19,8,15,Standard,Monthly,182,19,0
537,64,Female,4,15,7,13,Premium,Quarterly,344,23,0
538,62,Male,50,15,0,22,Premium,Monthly,913,9,0
539,22,Female,22,22,9,5,Standard,Monthly,534,17,0
540,38,Female,12,29,8,3,Standard,Quarterly,619,10,0
541,59,Female,46,8,7,12,Standard,Quarterly,891,6,0
542,37,Male,5,18,3,30,Basic,Quarterly,569,25,0
543,35,Male,40,7,3,23,Premium,Quarterly,752,13,0
544,28,Male,5,8,0,28,Premium,Monthly,880,3,0
545,23,Male,59,11,10,1,Premium,Annual,970,16,0
546,38,Male,11,10,1,27,Standard,Monthly,155,8,0
547,51,Female,20,2,6,8,Standard,Annual,230,23,1
548,46,Male,60,11,8,11,Standard,Quarterly,805,26,0
549,60,Female,10,1,2,16,Premium,Monthly,328,20,0
550,60,Female,49,23,3,7,Standard,Annual,166,12,0
551,48,Male,5,29,6,1,Premium,Monthly,976,22,0
552,36,Male,26,15,2,25,Premium,Quarterly,654,30,0
553,63,Male,39,29,4,19,Standard,Annual,780,2,0
554,26,Male,3,29,2,16,Standard,Monthly,936,4,0
555,30,Male,33,14,7,30,Standard,Annual,482,24,1
556,18,Female,3,30,5,28,Standard,Annual,647,12,0
557,24,Male,43,2,1,7,Premium,Annual,186,11,1
558,58,Female,16,6,8,22,Basic,Monthly,845,8,1
559,38,Female,60,29,3,5,Premium,Annual,523,4,0
560,28,Female,38,9,5,23,Basic,Monthly,885,16,1
561,27,Female,55,11,6,24,Standard,Annual,993,18,1
562,41,Female,38,23,8,21,Standard,Quarterly,569,7,1
563,58,Male,14,21,8,11,Standard,Monthly,334,13,0
564,25,Male,44,4,9,25,Standard,Monthly,293,1,1
565,41,Female,5,9,2,12,Premium,Annual,447,2,0
566,42,Male,57,2,4,11,Standard,Annual,534,17,0
567,61,Female,3,16,10,15,Standard,Quarterly,158,7,0
568,59,Female,12,13,3,14,Basic,Annual,701,27,0
569,52,Male,6,8,4,28,Standard,Annual,536,8,0
570,32,Male,45,16,3,3,Standard,Quarterly,457,29,0
571,22,Female,12,12,10,6,Premium,Quarterly,801,9,0
572,36,Male,4,17,6,27,Standard,Monthly,133,25,0
573,45,Female,42,13,6,15,Premium,Annual,206,17,0
574,22,Female,53,9,10,4,Premium,Quarterly,636,8,0
575,23,Male,21,21,10,14,Basic,Quarterly,125,5,0
576,30,Female,18,26,0,7,Basic,Annual,471,20,0
577,35,Female,44,3,2,30,Standard,Monthly,748,20,1
578,43,Male,20,23,1,5,Premium,Quarterly,501,6,0
579,49,Male,20,2,4,7,Basic,Monthly,104,8,0
580,41,Female,27,12,4,5,Premium,Quarterly,512,25,0
581,54,Female,22,8,1,23,Premium,Monthly,554,28,1
582,55,Female,26,21,8,15,Basic,Quarterly,710,3,0
583,56,Female,59,22,10,5,Premium,Annual,722,23,0
584,25,Male,34,12,8,2,Premium,Quarterly,580,5,0
585,53,Female,58,3,8,18,Basic,Quarterly,634,11,1
586,54,Male,19,17,5,10,Standard,Monthly,668,26,0
587,63,Male,39,21,8,17,Standard,Quarterly,821,24,1
588,25,Male,7,11,5,6,Standard,Monthly,724,29,0
589,29,Male,52,14,2,29,Standard,Monthly,685,5,0
590,31,Male,8,2,0,3,Premium,Monthly,990,30,0
591,52,Female,2,5,3,19,Basic,Monthly,760,16,0
592,55,Male,33,24,10,19,Premium,Annual,282,29,1
593,45,Male,56,23,0,10,Basic,Annual,905,5,0
594,18,Male,13,7,2,24,Premium,Quarterly,476,10,0
595,61,Male,8,5,0,12,Premium,Annual,192,10,0
596,30,Female,54,28,7,2,Premium,Quarterly,400,5,0
597,18,Male,15,10,3,4,Standard,Annual,289,3,0
598,39,Female,24,28,7,10,Premium,Annual,705,27,0
599,47,Female,46,12,4,25,Standard,Quarterly,330,8,1
600,60,Female,49,12,10,6,Standard,Quarterly,784,6,0
601,26,Male,2,23,5,19,Premium,Monthly,553,1,0
602,25,Male,12,26,10,6,Premium,Quarterly,507,15,0
603,24,Male,22,20,3,13,Standard,Monthly,113,11,0
604,38,Female,58,7,4,29,Premium,Monthly,379,9,1
605,32,Male,52,5,3,8,Basic,Quarterly,415,20,0
606,19,Male,1,6,8,17,Basic,Monthly,577,28,0
607,39,Female,15,11,1,0,Premium,Quarterly,265,25,0
608,45,Male,51,25,9,30,Standard,Annual,267,15,1
609,30,Female,42,9,2,17,Premium,Quarterly,287,17,0
610,53,Female,15,21,5,24,Basic,Quarterly,495,8,1
611,42,Female,42,4,7,26,Basic,Monthly,416,22,1
612,61,Female,7,26,3,20,Basic,Annual,854,10,0
613,43,Male,33,26,6,23,Premium,Annual,196,5,1
614,45,Male,53,16,9,7,Premium,Quarterly,470,9,0
615,20,Female,42,11,9,3,Premium,Quarterly,618,16,0
616,29,Female,8,4,1,18,Premium,Monthly,245,12,0
617,44,Male,20,24,10,10,Basic,Quarterly,377,26,0
618,33,Male,54,16,9,14,Premium,Annual,317,9,0
619,34,Male,35,11,7,3,Basic,Monthly,970,16,0
620,39,Male,24,11,7,15,Basic,Annual,198,25,0
621,60,Male,50,1,0,27,Premium,Quarterly,962,17,0
622,33,Male,17,18,0,13,Basic,Annual,371,5,0
623,36,Female,32,24,9,15,Premium,Monthly,586,4,0
624,59,Female,51,1,6,26,Basic,Monthly,363,18,1
625,57,Female,59,28,7,0,Basic,Monthly,475,19,0
626,33,Male,3,19,5,3,Standard,Monthly,338,15,0
627,46,Male,6,28,4,13,Premium,Monthly,493,20,0
628,40,Male,47,11,5,14,Basic,Quarterly,947,15,0
629,56,Male,11,12,5,21,Premium,Quarterly,287,22,0
630,24,Male,44,12,9,28,Premium,Annual,935,9,1
631,46,Male,30,26,8,25,Premium,Monthly,338,21,1
632,20,Female,56,29,6,13,Basic,Quarterly,131,11,0
633,64,Female,6,7,9,12,Premium,Monthly,553,13,0
634,62,Female,22,18,8,18,Standard,Monthly,202,16,0
635,22,Female,49,29,5,19,Standard,Annual,221,23,1
636,64,Female,44,22,1,1,Premium,Annual,913,18,0
637,57,Male,30,3,8,3,Basic,Monthly,652,16,1
638,61,Female,55,17,6,6,Basic,Monthly,747,5,0
639,22,Male,51,14,8,23,Standard,Annual,559,30,1
640,47,Male,38,3,8,30,Basic,Quarterly,973,20,1
641,31,Female,6,6,2,0,Premium,Monthly,188,13,0
642,62,Male,4,15,2,0,Premium,Quarterly,846,2,0
643,56,Female,39,11,1,1,Premium,Quarterly,413,8,0
644,39,Male,19,10,4,24,Standard,Annual,742,28,0
645,41,Male,40,19,0,3,Premium,Monthly,520,2,0
646,55,Male,44,3,9,25,Premium,Annual,431,7,1
647,60,Female,26,4,5,25,Standard,Annual,935,6,1
648,53,Male,4,9,8,1,Standard,Monthly,903,6,0
649,50,Male,27,25,5,17,Basic,Quarterly,181,21,1
650,61,Female,32,20,7,26,Basic,Quarterly,908,3,1
651,32,Female,52,20,2,28,Standard,Quarterly,859,3,0
652,56,Female,46,30,0,10,Standard,Annual,924,3,0
653,42,Male,40,12,0,1,Standard,Quarterly,858,26,0
654,50,Male,47,14,9,14,Premium,Monthly,659,26,0
655,58,Male,41,8,9,4,Standard,Annual,955,19,0
656,43,Female,15,15,5,22,Standard,Annual,584,15,0
657,51,Female,35,9,10,19,Basic,Monthly,686,24,1
658,36,Male,55,30,6,11,Premium,Monthly,591,13,0
659,54,Male,43,15,9,15,Standard,Annual,851,1,0
660,18,Female,5,30,1,15,Standard,Annual,934,21,0
661,22,Female,28,8,2,8,Premium,Annual,174,14,0
662,65,Male,58,25,1,23,Premium,Annual,111,17,0
663,29,Male,37,12,7,22,Standard,Monthly,369,23,1
664,29,Female,23,17,0,12,Basic,Quarterly,601,28,0
665,24,Male,39,4,2,2,Basic,Quarterly,861,27,0
666,56,Female,43,19,6,4,Basic,Quarterly,306,13,0
667,19,Female,10,5,3,20,Premium,Quarterly,536,4,0
668,60,Female,16,12,8,10,Premium,Quarterly,855,2,0
669,24,Female,47,13,2,28,Premium,Monthly,833,13,1
670,59,Male,13,2,9,4,Standard,Quarterly,758,23,1
671,33,Male,28,6,6,19,Standard,Monthly,340,15,1
672,20,Male,23,8,10,30,Premium,Quarterly,314,27,0
673,34,Male,5,9,8,21,Premium,Quarterly,247,26,0
674,34,Female,60,24,4,9,Standard,Quarterly,726,16,0
675,41,Male,52,29,0,29,Basic,Quarterly,779,2,0
676,32,Male,19,6,10,10,Premium,Annual,231,13,0
677,21,Male,12,8,1,9,Premium,Quarterly,756,4,0
678,44,Male,28,6,8,4,Basic,Quarterly,519,11,0
679,50,Female,13,24,9,2,Standard,Quarterly,132,29,0
680,41,Female,27,21,3,22,Basic,Quarterly,608,25,0
681,28,Male,49,15,6,16,Premium,Annual,796,1,1
682,41,Female,16,4,5,7,Basic,Monthly,873,24,0
683,42,Male,53,2,9,3,Premium,Quarterly,218,9,0
684,53,Male,47,26,3,14,Premium,Monthly,126,10,0
685,37,Male,39,4,2,20,Standard,Monthly,311,23,0
686,49,Female,39,2,3,1,Premium,Annual,997,20,0
687,63,Female,37,27,5,30,Premium,Monthly,882,2,1
688,37,Female,51,14,3,19,Standard,Quarterly,720,30,0
689,20,Female,18,28,5,4,Basic,Annual,589,17,0
690,39,Male,46,28,0,25,Premium,Annual,581,25,0
691,43,Female,17,15,5,24,Standard,Quarterly,853,25,0
692,20,Male,27,26,3,6,Basic,Quarterly,969,7,0
693,33,Male,46,3,8,4,Premium,Monthly,681,7,0
694,33,Male,52,24,2,17,Basic,Monthly,996,27,0
695,65,Female,6,29,0,19,Premium,Annual,267,21,0
696,34,Male,49,5,9,0,Standard,Quarterly,884,7,0
697,44,Male,27,9,7,27,Basic,Quarterly,462,22,1
698,45,Male,25,16,5,12,Standard,Annual,702,3,0
699,20,Male,14,19,7,0,Basic,Monthly,309,26,0
700,30,Female,33,10,6,15,Basic,Quarterly,519,15,0
701,31,Female,6,6,5,29,Premium,Annual,187,18,1
702,28,Male,3,21,0,6,Premium,Monthly,769,30,0
703,31,Female,58,26,3,9,Basic,Monthly,248,8,0
704,44,Female,47,6,1,2,Standard,Monthly,483,7,0
705,41,Female,4,21,7,7,Basic,Monthly,948,17,0
706,42,Male,60,2,3,24,Basic,Monthly,293,8,0
707,44,Female,29,10,9,28,Basic,Monthly,827,23,1
708,39,Male,25,9,3,12,Basic,Annual,640,17,0
709,53,Female,34,11,4,9,Basic,Annual,804,21,0
710,63,Female,16,19,7,20,Standard,Monthly,496,6,0
711,42,Female,8,29,1,4,Standard,Monthly,374,5,0
712,30,Female,51,29,7,26,Premium,Quarterly,867,11,1
713,30,Male,34,16,6,12,Standard,Quarterly,769,17,0
714,34,Female,56,11,8,0,Standard,Quarterly,873,30,0
715,41,Female,42,28,7,19,Basic,Quarterly,109,24,1
716,25,Male,4,13,8,24,Basic,Annual,106,19,0
717,31,Female,14,10,9,15,Premium,Annual,824,16,0
718,50,Female,11,22,3,14,Premium,Quarterly,610,5,0
719,19,Male,21,5,6,16,Standard,Quarterly,369,22,0
720,29,Male,27,2,7,7,Basic,Annual,731,30,0
721,22,Female,30,10,4,15,Standard,Monthly,924,6,0
722,33,Female,38,5,5,29,Basic,Monthly,211,18,1
723,47,Male,12,24,4,26,Standard,Quarterly,184,15,0
724,53,Female,22,10,0,9,Premium,Quarterly,328,14,0
725,32,Male,60,21,9,1,Basic,Annual,339,27,0
726,25,Female,45,28,10,9,Standard,Quarterly,350,29,0
727,36,Male,38,26,3,28,Basic,Annual,285,7,0
728,56,Female,41,7,4,30,Premium,Quarterly,473,19,1
729,18,Female,52,23,6,9,Standard,Monthly,946,20,0
730,51,Female,46,13,1,23,Standard,Quarterly,937,22,0
731,44,Female,29,4,10,11,Premium,Annual,554,13,0
732,65,Female,48,15,0,22,Basic,Quarterly,727,18,0
733,25,Female,38,20,10,18,Basic,Quarterly,467,27,1
734,62,Male,8,8,3,28,Standard,Monthly,533,17,0
735,64,Female,6,6,1,0,Basic,Annual,853,19,0
736,53,Female,53,7,8,14,Basic,Monthly,140,20,0
737,48,Female,22,5,7,5,Premium,Annual,573,10,0
738,43,Female,41,17,9,0,Standard,Quarterly,369,24,0
739,58,Female,46,25,0,25,Standard,Quarterly,866,22,0
740,28,Female,21,24,3,3,Standard,Quarterly,349,13,0
741,45,Female,14,26,2,12,Premium,Monthly,649,1,0
742,28,Female,9,4,7,20,Premium,Quarterly,981,8,0
743,49,Female,29,18,7,15,Basic,Quarterly,648,12,0
744,30,Male,39,27,4,23,Premium,Annual,292,22,0
745,23,Female,23,30,5,8,Premium,Quarterly,383,16,0
746,56,Male,8,8,0,13,Standard,Annual,302,7,0
747,41,Male,48,24,2,25,Basic,Annual,760,14,0
748,52,Male,58,24,10,9,Basic,Monthly,908,27,0
749,62,Male,55,7,7,7,Basic,Quarterly,335,8,0
750,25,Female,16,24,4,27,Standard,Monthly,788,10,1
751,38,Female,53,18,1,11,Basic,Quarterly,337,16,0
752,33,Male,29,28,6,7,Premium,Monthly,564,18,0
753,34,Male,9,22,10,14,Premium,Quarterly,274,29,0
754,26,Male,6,14,3,21,Basic,Monthly,912,16,0
755,23,Male,53,3,1,24,Premium,Annual,605,18,0
756,38,Female,10,20,3,21,Standard,Annual,507,8,0
757,30,Male,53,24,1,23,Premium,Quarterly,300,22,0
758,34,Female,51,17,5,25,Premium,Quarterly,751,5,1
759,48,Male,3,14,7,11,Basic,Annual,857,19,0
760,46,Female,58,5,10,9,Premium,Monthly,935,29,0
761,40,Female,51,23,8,2,Standard,Annual,724,14,0
762,48,Male,17,7,1,30,Basic,Annual,606,21,0
763,48,Male,13,8,0,25,Basic,Annual,791,4,0
764,51,Male,25,7,4,14,Basic,Annual,592,27,0
765,21,Female,23,3,5,19,Premium,Quarterly,980,11,0
766,53,Female,30,9,8,11,Standard,Quarterly,299,30,0
767,46,Male,26,6,1,29,Standard,Annual,714,30,0
768,46,Female,58,8,9,21,Basic,Monthly,675,7,1
769,26,Female,43,25,3,6,Basic,Monthly,298,1,0
770,22,Male,24,14,6,24,Standard,Annual,150,3,1
771,63,Male,12,15,9,20,Basic,Annual,292,23,0
772,53,Female,24,15,8,17,Basic,Annual,428,17,1
773,49,Male,25,5,7,2,Premium,Monthly,712,24,0
774,22,Male,23,6,9,26,Premium,Annual,224,14,0
775,36,Male,48,19,1,23,Standard,Quarterly,401,17,0
776,33,Male,26,13,6,24,Premium,Quarterly,415,14,1
777,56,Male,37,26,9,21,Standard,Annual,494,25,1